Date,Creative,"Creative ID","Total Ads Requested"
2025-12-29,C02GUG3-4333815-WDW_FY25_ENG_TyphLagoonQ3RefreshDigitalBannersDOMNOOFF_160x600,5277562,7510
2025-12-29,C02GUG3-4333815-WDW_FY25_ENG_TyphLagoonQ3RefreshDigitalBannersDOMNOOFF_300x250,5277563,48508
2025-12-29,C02GUG3-4333815-WDW_FY25_ENG_TyphLagoonQ3RefreshDigitalBannersDOMNOOFF_300x600,5277564,3543
2025-12-29,C02GUG3-4333815-WDW_FY25_ENG_TyphLagoonQ3RefreshDigitalBannersDOMNOOFF_320x50,5141976,67630
2025-12-29,C02GUG3-4333815-WDW_FY25_ENG_TyphLagoonQ3RefreshDigitalBannersDOMNOOFF_728x90,5277566,26547
2025-12-29,C069J2O-4903500-WDW_FY25_ENG_RoomOnlyActivateFLRESQ2ResortOffer_160x600,5695193,16181
2025-12-29,C069J2O-4903500-WDW_FY25_ENG_RoomOnlyActivateFLRESQ2ResortOffer_300x250,5695194,151641
2025-12-29,C069J2O-4903500-WDW_FY25_ENG_RoomOnlyActivateFLRESQ2ResortOffer_300x600,5695195,10916
2025-12-29,C069J2O-4903500-WDW_FY25_ENG_RoomOnlyActivateFLRESQ2ResortOffer_320x50,5630505,86696
2025-12-29,C069J2O-4903500-WDW_FY25_ENG_RoomOnlyActivateFLRESQ2ResortOffer_728x90,5695196,32554
2025-12-29,C0P6NYH-3437252-WDW_FY23_ENG_AAscopeKidsBLKNOOFF_160x600,4507668,12467
2025-12-29,C0P6NYH-3437252-WDW_FY23_ENG_AAscopeKidsBLKNOOFF_300x250,4507669,307458
2025-12-29,C0P6NYH-3437252-WDW_FY23_ENG_AAscopeKidsBLKNOOFF_300x600,4507670,40102
2025-12-29,C0P6NYH-3437252-WDW_FY23_ENG_AAscopeKidsBLKNOOFF_320x50,4475225,163176
2025-12-29,C0P6NYH-3437252-WDW_FY23_ENG_AAscopeKidsBLKNOOFF_728x90,4507671,52985
2025-12-29,C0PMSIV-4436101-WDW_FY25_ENG_InfiniteMagicoriginallogoCANNOOFFCNE_320x50.jpg,5210743,1
2025-12-29,C1BW5BH-4647451-DCL_FY25_ENG_INSPIREV1DOMNOOFF_160x600,5595927,2002
2025-12-29,C1BW5BH-4647451-DCL_FY25_ENG_INSPIREV1DOMNOOFF_300x250,5595928,15793
2025-12-29,C1BW5BH-4647451-DCL_FY25_ENG_INSPIREV1DOMNOOFF_300x600,5595929,1418
2025-12-29,C1BW5BH-4647451-DCL_FY25_ENG_INSPIREV1DOMNOOFF_320x50,5566683,26449
2025-12-29,C1BW5BH-4647451-DCL_FY25_ENG_INSPIREV1DOMNOOFF_728x90,5595930,6332
2025-12-29,C1MWHHC-5157450-DLR_FY26_ENG_TicketOfferGeneric_160x600,5812770,27429
2025-12-29,C1MWHHC-5157450-DLR_FY26_ENG_TicketOfferGeneric_300x250,5812771,370339
2025-12-29,C1MWHHC-5157450-DLR_FY26_ENG_TicketOfferGeneric_300x600,5812773,32888
2025-12-29,C1MWHHC-5157450-DLR_FY26_ENG_TicketOfferGeneric_320x50,5778324,229792
2025-12-29,C1MWHHC-5157450-DLR_FY26_ENG_TicketOfferGeneric_728x90,5812775,92090
2025-12-29,C1RT0J8-4868851-WDW_FY26_ENG_Q2OfferTransactStaticTSBDomesticQ2Package_160x600,5595666,203127
2025-12-29,C1RT0J8-4868851-WDW_FY26_ENG_Q2OfferTransactStaticTSBDomesticQ2Package_300x250,5595667,1776052
2025-12-29,C1RT0J8-4868851-WDW_FY26_ENG_Q2OfferTransactStaticTSBDomesticQ2Package_300x600,5595668,214109
2025-12-29,C1RT0J8-4868851-WDW_FY26_ENG_Q2OfferTransactStaticTSBDomesticQ2Package_320x50,5522069,1451579
2025-12-29,C1RT0J8-4868851-WDW_FY26_ENG_Q2OfferTransactStaticTSBDomesticQ2Package_728x90,5595669,497910
2025-12-29,C1SCXWS-5020601-DCL_FY26_ENG_DESTINYNOWSAILINGFTLAUDERDALECAN_320x50,5790738,111447
2025-12-29,C1SCXWS-5020601-DCL_FY26_ENG_DESTINYNOWSAILINGFTLAUDERDALECANNOOF_160x600,5796285,6869
2025-12-29,C1SCXWS-5020601-DCL_FY26_ENG_DESTINYNOWSAILINGFTLAUDERDALECANNOOF_300x250,5796286,143425
2025-12-29,C1SCXWS-5020601-DCL_FY26_ENG_DESTINYNOWSAILINGFTLAUDERDALECANNOOF_300x600,5796287,33588
2025-12-29,C1SCXWS-5020601-DCL_FY26_ENG_DESTINYNOWSAILINGFTLAUDERDALECANNOOF_728x90,5796288,44004
2025-12-29,C1SCXWS-5020601-DCL_FY26_ENG_DESTINYNOWSAILINGFTLAUDERDALEDOMNOOF_160x600,5776969,3866
2025-12-29,C1SCXWS-5020601-DCL_FY26_ENG_DESTINYNOWSAILINGFTLAUDERDALEDOMNOOF_300x250,5776970,42810
2025-12-29,C1SCXWS-5020601-DCL_FY26_ENG_DESTINYNOWSAILINGFTLAUDERDALEDOMNOOF_300x600,5776971,5444
2025-12-29,C1SCXWS-5020601-DCL_FY26_ENG_DESTINYNOWSAILINGFTLAUDERDALEDOMNOOF_320x50,5790739,38040
2025-12-29,C1SCXWS-5020601-DCL_FY26_ENG_DESTINYNOWSAILINGFTLAUDERDALEDOMNOOF_728x90,5776972,11605
2025-12-29,C1SCXWS-5020601-DCL_FY26_FRE_DESTINYNOWSAILINGFTLAUDERDALE_320x50,5790740,11877
2025-12-29,C1SCXWS-5020601-DCL_FY26_FRE_DESTINYNOWSAILINGFTLAUDERDALECANNOOF_160x600,5796223,2701
2025-12-29,C1SCXWS-5020601-DCL_FY26_FRE_DESTINYNOWSAILINGFTLAUDERDALECANNOOF_300x250,5796225,9933
2025-12-29,C1SCXWS-5020601-DCL_FY26_FRE_DESTINYNOWSAILINGFTLAUDERDALECANNOOF_300x600,5796226,3136
2025-12-29,C1SCXWS-5020601-DCL_FY26_FRE_DESTINYNOWSAILINGFTLAUDERDALECANNOOF_728x90,5796228,6504
2025-12-29,C1XBHJ4-5080551-NGE_FY26_ENG_ExpeditionCruiseQ1ExpeditionCruiseIcelandDOMNOOFF_160x600,5699555,2012
2025-12-29,C1XBHJ4-5080551-NGE_FY26_ENG_ExpeditionCruiseQ1ExpeditionCruiseIcelandDOMNOOFF_300x250,5699552,65137
2025-12-29,C1XBHJ4-5080551-NGE_FY26_ENG_ExpeditionCruiseQ1ExpeditionCruiseIcelandDOMNOOFF_300x600,5699553,7021
2025-12-29,C1XBHJ4-5080551-NGE_FY26_ENG_ExpeditionCruiseQ1ExpeditionCruiseIcelandDOMNOOFF_728x90,5699554,8184
2025-12-29,C1XBHJ4-5080551-NGE_FY26_ENG_ExpeditionCruiseQ1ExpeditionCruiseIcelandMobileStaticDOMNOOFF_320x50,5684976,26284
2025-12-29,C22O4KQ-4458302-NGE_FY25_ENG_Q3PrivateJetEliteTravelerWebBanners_300x250,5279456,5
2025-12-29,C22O4KQ-4458302-NGE_FY25_ENG_Q3PrivateJetEliteTravelerWebBanners_300x600,5279459,2
2025-12-29,C22O4KQ-4458302-NGE_FY25_ENG_Q3PrivateJetEliteTravelerWebBanners_320x50,5279462,4
2025-12-29,C22O4KQ-4458302-NGE_FY25_ENG_Q3PrivateJetEliteTravelerWebBanners_728x90,5279466,1
2025-12-29,C22O4KQ-4458302-NGE_FY25_ENG_Q3PrivateJetEliteTravelerWebBanners_970x250,5279469,3
2025-12-29,C23ZN34-3851151-DLR_FY24_ENG_DTDQ3ShoppingAndEntertainment_160x600,4664239,1208
2025-12-29,C23ZN34-3851151-DLR_FY24_ENG_DTDQ3ShoppingAndEntertainment_300x250,4664241,8716
2025-12-29,C23ZN34-3851151-DLR_FY24_ENG_DTDQ3ShoppingAndEntertainment_300x600,4664243,523
2025-12-29,C23ZN34-3851151-DLR_FY24_ENG_DTDQ3ShoppingAndEntertainment_320x50,4662569,5004
2025-12-29,C23ZN34-3851151-DLR_FY24_ENG_DTDQ3ShoppingAndEntertainment_728x90,4664238,3804
2025-12-29,C25XHY2-4433750-DCL_FY25_ENG_WISHTRANSACTDOMNOOFF_160x600,5225593,2761
2025-12-29,C25XHY2-4433750-DCL_FY25_ENG_WISHTRANSACTDOMNOOFF_300x250,5225594,14119
2025-12-29,C25XHY2-4433750-DCL_FY25_ENG_WISHTRANSACTDOMNOOFF_300x600,5225595,2119
2025-12-29,C25XHY2-4433750-DCL_FY25_ENG_WISHTRANSACTDOMNOOFF_320x50,5268596,6809
2025-12-29,C25XHY2-4433750-DCL_FY25_ENG_WISHTRANSACTDOMNOOFF_728x90,5225596,5006
2025-12-29,C2AWY8K-5214550-DLR_FY26_ENG_MagicKeyNovember_160x600,5788390,2160
2025-12-29,C2AWY8K-5214550-DLR_FY26_ENG_MagicKeyNovember_300x250,5788391,19600
2025-12-29,C2AWY8K-5214550-DLR_FY26_ENG_MagicKeyNovember_300x600,5788392,1306
2025-12-29,C2AWY8K-5214550-DLR_FY26_ENG_MagicKeyNovember_320x50,5728000,16228
2025-12-29,C2AWY8K-5214550-DLR_FY26_ENG_MagicKeyNovember_728x90,5788393,7331
2025-12-29,C2YLMGG-4003756-DVC_FY24_ENG_URSAPreOpeningNOWOPENISLANDINSPIREDDisplayDOMNOOFF_160x600,4858325,1868
2025-12-29,C2YLMGG-4003756-DVC_FY24_ENG_URSAPreOpeningNOWOPENISLANDINSPIREDDisplayDOMNOOFF_300x250,4858327,23195
2025-12-29,C2YLMGG-4003756-DVC_FY24_ENG_URSAPreOpeningNOWOPENISLANDINSPIREDDisplayDOMNOOFF_300x600,4858323,2945
2025-12-29,C2YLMGG-4003756-DVC_FY24_ENG_URSAPreOpeningNOWOPENISLANDINSPIREDDisplayDOMNOOFF_320x50,4834741,18777
2025-12-29,C2YLMGG-4003756-DVC_FY24_ENG_URSAPreOpeningNOWOPENISLANDINSPIREDDisplayDOMNOOFF_728x90,4858326,6188
2025-12-29,C3GNOU7-4265800-DCL_FY25_ENG_ISLANDDESTINATIONSACTIVATEDOMNOOFF_160x600,5346400,4164
2025-12-29,C3GNOU7-4265800-DCL_FY25_ENG_ISLANDDESTINATIONSACTIVATEDOMNOOFF_300x250,5346402,49546
2025-12-29,C3GNOU7-4265800-DCL_FY25_ENG_ISLANDDESTINATIONSACTIVATEDOMNOOFF_300x600,5346403,5451
2025-12-29,C3GNOU7-4265800-DCL_FY25_ENG_ISLANDDESTINATIONSACTIVATEDOMNOOFF_320x50,5341539,39519
2025-12-29,C3GNOU7-4265800-DCL_FY25_ENG_ISLANDDESTINATIONSACTIVATEDOMNOOFF_728x90,5346404,11269
2025-12-29,C3LY4WF-4068002-WDW_FY24_ENG_HolidaysDisneySpringsSHOPFLRESNOOFF_160x600,5686982,1130
2025-12-29,C3LY4WF-4068002-WDW_FY24_ENG_HolidaysDisneySpringsSHOPFLRESNOOFF_300x250,5686983,8367
2025-12-29,C3LY4WF-4068002-WDW_FY24_ENG_HolidaysDisneySpringsSHOPFLRESNOOFF_300x600,5686984,1505
2025-12-29,C3LY4WF-4068002-WDW_FY24_ENG_HolidaysDisneySpringsSHOPFLRESNOOFF_320x50,4917481,34594
2025-12-29,C3LY4WF-4068002-WDW_FY24_ENG_HolidaysDisneySpringsSHOPFLRESNOOFF_728x90,5686985,4572
2025-12-29,C3WC1S2-5089800-WDW_FY26_ENG_APRebrandAPPASSHLDRNOOFF_160x600,5682755,5578
2025-12-29,C3WC1S2-5089800-WDW_FY26_ENG_APRebrandAPPASSHLDRNOOFF_300x250,5682756,58900
2025-12-29,C3WC1S2-5089800-WDW_FY26_ENG_APRebrandAPPASSHLDRNOOFF_300x600,5682757,6698
2025-12-29,C3WC1S2-5089800-WDW_FY26_ENG_APRebrandAPPASSHLDRNOOFF_320x50,5646557,30557
2025-12-29,C3WC1S2-5089800-WDW_FY26_ENG_APRebrandAPPASSHLDRNOOFF_728x90,5646558,11784
2025-12-29,C4GCUAQ-4987600-WDW_FY26_ENG_DiningEECDiningHolidayDOMNOOFF_160x600,5712846,4460
2025-12-29,C4GCUAQ-4987600-WDW_FY26_ENG_DiningEECDiningHolidayDOMNOOFF_300x250,5712847,26371
2025-12-29,C4GCUAQ-4987600-WDW_FY26_ENG_DiningEECDiningHolidayDOMNOOFF_300x600,5712848,1448
2025-12-29,C4GCUAQ-4987600-WDW_FY26_ENG_DiningEECDiningHolidayDOMNOOFF_320x50,5700359,21198
2025-12-29,C4GCUAQ-4987600-WDW_FY26_ENG_DiningEECDiningHolidayDOMNOOFF_728x90,5712849,5872
2025-12-29,C4MWVTC-4865250-WDW_FY25_ENG_RoomOnlyInspireDOMQ2Q3RoomOnlyOffer_160x600,5591339,12516
2025-12-29,C4MWVTC-4865250-WDW_FY25_ENG_RoomOnlyInspireDOMQ2Q3RoomOnlyOffer_300x250,5591340,308088
2025-12-29,C4MWVTC-4865250-WDW_FY25_ENG_RoomOnlyInspireDOMQ2Q3RoomOnlyOffer_300x600,5591341,39293
2025-12-29,C4MWVTC-4865250-WDW_FY25_ENG_RoomOnlyInspireDOMQ2Q3RoomOnlyOffer_320x50,5522067,163971
2025-12-29,C4MWVTC-4865250-WDW_FY25_ENG_RoomOnlyInspireDOMQ2Q3RoomOnlyOffer_728x90,5591342,52727
2025-12-29,C518UC3-4068002-WDW_FY24_ENG_HolidaysDisneySpringsDINEFLRESNOOFF_160x600,5686986,1393
2025-12-29,C518UC3-4068002-WDW_FY24_ENG_HolidaysDisneySpringsDINEFLRESNOOFF_300x250,5686987,7815
2025-12-29,C518UC3-4068002-WDW_FY24_ENG_HolidaysDisneySpringsDINEFLRESNOOFF_300x600,5686988,1384
2025-12-29,C518UC3-4068002-WDW_FY24_ENG_HolidaysDisneySpringsDINEFLRESNOOFF_320x50,4917482,35318
2025-12-29,C518UC3-4068002-WDW_FY24_ENG_HolidaysDisneySpringsDINEFLRESNOOFF_728x90,5686989,4312
2025-12-29,C53K6W8-4987600-WDW_FY26_ENG_DiningEECHolidayDOMNOOFF_160x600,5712842,3409
2025-12-29,C53K6W8-4987600-WDW_FY26_ENG_DiningEECHolidayDOMNOOFF_300x250,5712843,19619
2025-12-29,C53K6W8-4987600-WDW_FY26_ENG_DiningEECHolidayDOMNOOFF_300x600,5712844,1234
2025-12-29,C53K6W8-4987600-WDW_FY26_ENG_DiningEECHolidayDOMNOOFF_320x50,5700360,16061
2025-12-29,C53K6W8-4987600-WDW_FY26_ENG_DiningEECHolidayDOMNOOFF_728x90,5712845,4773
2025-12-29,C55VQYM-4304066-WDW_FY25_ENG_HWYADisneySpringsHWYADigitalBannersDOMNOOFF_160x600,5071646,477
2025-12-29,C55VQYM-4304066-WDW_FY25_ENG_HWYADisneySpringsHWYADigitalBannersDOMNOOFF_300x250,5071647,6660
2025-12-29,C55VQYM-4304066-WDW_FY25_ENG_HWYADisneySpringsHWYADigitalBannersDOMNOOFF_300x600,5071648,882
2025-12-29,C55VQYM-4304066-WDW_FY25_ENG_HWYADisneySpringsHWYADigitalBannersDOMNOOFF_320x50,5041796,63390
2025-12-29,C55VQYM-4304066-WDW_FY25_ENG_HWYADisneySpringsHWYADigitalBannersDOMNOOFF_728x90,5071649,4213
2025-12-29,C5II38F-4955900-DVC_FY26_ENG_SweepstakesQ1AulaniAnimatedDisplayDVCMEMNOOFF_160x600,5750590,1656
2025-12-29,C5II38F-4955900-DVC_FY26_ENG_SweepstakesQ1AulaniAnimatedDisplayDVCMEMNOOFF_300x250,5750591,19859
2025-12-29,C5II38F-4955900-DVC_FY26_ENG_SweepstakesQ1AulaniAnimatedDisplayDVCMEMNOOFF_300x600,5750592,2566
2025-12-29,C5II38F-4955900-DVC_FY26_ENG_SweepstakesQ1AulaniAnimatedDisplayDVCMEMNOOFF_728x90,5750593,5685
2025-12-29,C5II38F-4955900-DVC_FY26_ENG_SweepstakesQ1AulaniStaticDisplayDVCMEMNOOFF_320x50,5684906,16131
2025-12-29,C5LDB0O-4908701-DLR_FY26_SPN_Disneylandia_160x600,5838777,660
2025-12-29,C5LDB0O-4908701-DLR_FY26_SPN_Disneylandia_300x250,5838778,5511
2025-12-29,C5LDB0O-4908701-DLR_FY26_SPN_Disneylandia_300x600,5838779,194
2025-12-29,C5LDB0O-4908701-DLR_FY26_SPN_Disneylandia_320x50,5786494,5916
2025-12-29,C5LDB0O-4908701-DLR_FY26_SPN_Disneylandia_728x90,5838780,306
2025-12-29,C5MFH1O-3936800-DCL_FY24_ENG_BlackConsumerCametoPlayBLKNOOFF_160x600,4683372,21882
2025-12-29,C5MFH1O-3936800-DCL_FY24_ENG_BlackConsumerCametoPlayBLKNOOFF_300x250,4683373,505237
2025-12-29,C5MFH1O-3936800-DCL_FY24_ENG_BlackConsumerCametoPlayBLKNOOFF_300x600,4683374,20870
2025-12-29,C5MFH1O-3936800-DCL_FY24_ENG_BlackConsumerCametoPlayBLKNOOFF_320x50,4677501,350586
2025-12-29,C5MFH1O-3936800-DCL_FY24_ENG_BlackConsumerCametoPlayBLKNOOFF_728x90,4683375,255268
2025-12-29,C6BODUU-5037350-WDW_FY26_ENG_FOHOfferFLRESPASSHLDRNOOFF_160x600,5682407,37716
2025-12-29,C6BODUU-5037350-WDW_FY26_ENG_FOHOfferFLRESPASSHLDRNOOFF_300x250,5682408,318605
2025-12-29,C6BODUU-5037350-WDW_FY26_ENG_FOHOfferFLRESPASSHLDRNOOFF_300x600,5682409,36759
2025-12-29,C6BODUU-5037350-WDW_FY26_ENG_FOHOfferFLRESPASSHLDRNOOFF_320x50,5662017,167343
2025-12-29,C6BODUU-5037350-WDW_FY26_ENG_FOHOfferFLRESPASSHLDRNOOFF_728x90,5682410,87176
2025-12-29,C6N749O-4451355-DCL_FY25_ENG_DOMNOOFF_160x600,5291901,8090
2025-12-29,C6N749O-4451355-DCL_FY25_ENG_DOMNOOFF_300x250,5291902,87922
2025-12-29,C6N749O-4451355-DCL_FY25_ENG_DOMNOOFF_300x600,5291903,6897
2025-12-29,C6N749O-4451355-DCL_FY25_ENG_DOMNOOFF_320x50,5240140,63620
2025-12-29,C6N749O-4451355-DCL_FY25_ENG_DOMNOOFF_728x90,5291904,25874
2025-12-29,C7BTS7M-4340201-DCL_FY25_ENG_CondeNastFINAL_300x50,5035163,1
2025-12-29,C7JBW5B-4949701-DLR_FY26_ENG_MagicKeyAcquisition_160x600,5712822,2787
2025-12-29,C7JBW5B-4949701-DLR_FY26_ENG_MagicKeyAcquisition_300x250,5712823,34961
2025-12-29,C7JBW5B-4949701-DLR_FY26_ENG_MagicKeyAcquisition_300x600,5712824,4576
2025-12-29,C7JBW5B-4949701-DLR_FY26_ENG_MagicKeyAcquisition_320x50,5701083,37080
2025-12-29,C7JBW5B-4949701-DLR_FY26_ENG_MagicKeyAcquisition_728x90,5712825,7943
2025-12-29,C7LRJRJ-5242250-DLR_FY26_ENG_HotelsOffersActivateDOMQ2_160x600,5812913,18494
2025-12-29,C7LRJRJ-5242250-DLR_FY26_ENG_HotelsOffersActivateDOMQ2_300x250,5812915,320243
2025-12-29,C7LRJRJ-5242250-DLR_FY26_ENG_HotelsOffersActivateDOMQ2_300x600,5812917,26923
2025-12-29,C7LRJRJ-5242250-DLR_FY26_ENG_HotelsOffersActivateDOMQ2_728x90,5812918,68022
2025-12-29,C7LRJRJ-5242250-DLR_FY26_ENG_HotelsOffersActivateDOMQ2ResortROOffer_320x50,5794254,203474
2025-12-29,C7STB7X-4870303-WDW_FY25_ENG_BaboonZootopiaDigitalBannersCFLStaticFLRESNOOFF_160x600,5682751,8855
2025-12-29,C7STB7X-4870303-WDW_FY25_ENG_BaboonZootopiaDigitalBannersCFLStaticFLRESNOOFF_300x250,5682752,98180
2025-12-29,C7STB7X-4870303-WDW_FY25_ENG_BaboonZootopiaDigitalBannersCFLStaticFLRESNOOFF_300x600,5682753,11592
2025-12-29,C7STB7X-4870303-WDW_FY25_ENG_BaboonZootopiaDigitalBannersCFLStaticFLRESNOOFF_320x50,5662153,74518
2025-12-29,C7STB7X-4870303-WDW_FY25_ENG_BaboonZootopiaDigitalBannersCFLStaticFLRESNOOFF_728x90,5682754,24396
2025-12-29,C8LLH5D-4983150-WDW_FY25_ENG_HolidaysACTIVATEFLRESNOOFF_160x600,5625002,33469
2025-12-29,C8LLH5D-4983150-WDW_FY25_ENG_HolidaysACTIVATEFLRESNOOFF_300x250,5625003,271124
2025-12-29,C8LLH5D-4983150-WDW_FY25_ENG_HolidaysACTIVATEFLRESNOOFF_300x600,5625004,32330
2025-12-29,C8LLH5D-4983150-WDW_FY25_ENG_HolidaysACTIVATEFLRESNOOFF_320x50,5611414,141127
2025-12-29,C8LLH5D-4983150-WDW_FY25_ENG_HolidaysACTIVATEFLRESNOOFF_728x90,5625005,74037
2025-12-29,C8WQG8C-3755702-DLR_FY24_ENG_PremExpVIPBanners_160x600,4578230,1290
2025-12-29,C8WQG8C-3755702-DLR_FY24_ENG_PremExpVIPBanners_300x250,4578231,9299
2025-12-29,C8WQG8C-3755702-DLR_FY24_ENG_PremExpVIPBanners_300x600,4578233,342
2025-12-29,C8WQG8C-3755702-DLR_FY24_ENG_PremExpVIPBanners_728x90,4578227,3594
2025-12-29,C8WQG8C-3755702-DLR_FY24_ENG_PremExpVIPBannersv2_320x50,4569742,4361
2025-12-29,C9889HP-4987600-WDW_FY26_ENG_DiningEECEvergreenV2STATICDOMNOOFF_160x600,5680271,5511
2025-12-29,C9889HP-4987600-WDW_FY26_ENG_DiningEECEvergreenV2STATICDOMNOOFF_300x250,5680272,33876
2025-12-29,C9889HP-4987600-WDW_FY26_ENG_DiningEECEvergreenV2STATICDOMNOOFF_300x600,5680273,1718
2025-12-29,C9889HP-4987600-WDW_FY26_ENG_DiningEECEvergreenV2STATICDOMNOOFF_320x50,5609542,22050
2025-12-29,C9889HP-4987600-WDW_FY26_ENG_DiningEECEvergreenV2STATICDOMNOOFF_728x90,5680274,9084
2025-12-29,C9E2JIJ-4451355-DCL_FY25_ENG_SFEDOMNOOFF_160x600,5346526,20835
2025-12-29,C9E2JIJ-4451355-DCL_FY25_ENG_SFEDOMNOOFF_300x250,5346527,266733
2025-12-29,C9E2JIJ-4451355-DCL_FY25_ENG_SFEDOMNOOFF_300x600,5346528,20482
2025-12-29,C9E2JIJ-4451355-DCL_FY25_ENG_SFEDOMNOOFF_320x50,5280023,186913
2025-12-29,C9E2JIJ-4451355-DCL_FY25_ENG_SFEDOMNOOFF_728x90,5346529,80654
2025-12-29,C9YUMVW-4881000-WDW_FY26_ENG_ClickCANENGStaticCANNOOFFCNE_160x600,5723525,15066
2025-12-29,C9YUMVW-4881000-WDW_FY26_ENG_ClickCANENGStaticCANNOOFFCNE_300x250,5723526,188637
2025-12-29,C9YUMVW-4881000-WDW_FY26_ENG_ClickCANENGStaticCANNOOFFCNE_300x600,5723527,27833
2025-12-29,C9YUMVW-4881000-WDW_FY26_ENG_ClickCANENGStaticCANNOOFFCNE_320x50,5648687,161265
2025-12-29,C9YUMVW-4881000-WDW_FY26_ENG_ClickCANENGStaticCANNOOFFCNE_728x90,5723528,52238
2025-12-29,C9Z301G-4987600-WDW_FY26_ENG_DiningEECEvergreenV1STATICDOMNOOFF_160x600,5680265,6348
2025-12-29,C9Z301G-4987600-WDW_FY26_ENG_DiningEECEvergreenV1STATICDOMNOOFF_300x250,5680266,42529
2025-12-29,C9Z301G-4987600-WDW_FY26_ENG_DiningEECEvergreenV1STATICDOMNOOFF_300x600,5680267,1364
2025-12-29,C9Z301G-4987600-WDW_FY26_ENG_DiningEECEvergreenV1STATICDOMNOOFF_320x50,5609541,31906
2025-12-29,C9Z301G-4987600-WDW_FY26_ENG_DiningEECEvergreenV1STATICDOMNOOFF_728x90,5680268,12604
2025-12-29,CA7IZ50-4779950-WDW_FY26_ENG_FreeDineMobileStaticDOMNOOFF_160x600,5595645,57879
2025-12-29,CA7IZ50-4779950-WDW_FY26_ENG_FreeDineMobileStaticDOMNOOFF_300x250,5595647,632168
2025-12-29,CA7IZ50-4779950-WDW_FY26_ENG_FreeDineMobileStaticDOMNOOFF_300x600,5595648,62601
2025-12-29,CA7IZ50-4779950-WDW_FY26_ENG_FreeDineMobileStaticDOMNOOFF_320x50,5544750,475123
2025-12-29,CA7IZ50-4779950-WDW_FY26_ENG_FreeDineMobileStaticDOMNOOFF_728x90,5595649,205908
2025-12-29,CAIX1S6-4598854-ABD_FY25_ENG_Q4LastChanceOffer_160x600,5491632,5904
2025-12-29,CAIX1S6-4598854-ABD_FY25_ENG_Q4LastChanceOffer_300x250,5491633,121929
2025-12-29,CAIX1S6-4598854-ABD_FY25_ENG_Q4LastChanceOffer_300x600,5491634,25042
2025-12-29,CAIX1S6-4598854-ABD_FY25_ENG_Q4LastChanceOffer_320x50,5472016,62206
2025-12-29,CAIX1S6-4598854-ABD_FY25_ENG_Q4LastChanceOffer_728x90,5491635,24240
2025-12-29,CAS0VKI-4870303-WDW_FY25_SPN_BaboonZootopiaDigitalBannersFLResStaticFLRESNOOFF_160x600,5682759,346
2025-12-29,CAS0VKI-4870303-WDW_FY25_SPN_BaboonZootopiaDigitalBannersFLResStaticFLRESNOOFF_300x250,5682760,3595
2025-12-29,CAS0VKI-4870303-WDW_FY25_SPN_BaboonZootopiaDigitalBannersFLResStaticFLRESNOOFF_300x600,5682761,348
2025-12-29,CAS0VKI-4870303-WDW_FY25_SPN_BaboonZootopiaDigitalBannersFLResStaticFLRESNOOFF_320x50,5665951,2484
2025-12-29,CAS0VKI-4870303-WDW_FY25_SPN_BaboonZootopiaDigitalBannersFLResStaticFLRESNOOFF_728x90,5682762,827
2025-12-29,CASYV0K-3831852-WDW-FY24_SPN_ClickLATAM4ParkMagicTicket_300x250.zip,4927982,115545
2025-12-29,CASYV0K-3831852-WDW-FY24_SPN_ClickLATAM4ParkMagicTicket_300x600.zip,4927984,12931
2025-12-29,CASYV0K-3831852-WDW-FY24_SPN_ClickLATAM4ParkMagicTicket_320x50.jpg,4846884,33429
2025-12-29,CASYV0K-3831852-WDW-FY24_SPN_ClickLATAM4ParkMagicTicket_728x90.zip,4927985,42224
2025-12-29,CAXQJPZ-5140350-DCL_FY25_ENG_50OFFTRANSACTDOMNOOFF_160x600,5717648,4472
2025-12-29,CAXQJPZ-5140350-DCL_FY25_ENG_50OFFTRANSACTDOMNOOFF_300x250,5717649,36321
2025-12-29,CAXQJPZ-5140350-DCL_FY25_ENG_50OFFTRANSACTDOMNOOFF_300x600,5717650,8695
2025-12-29,CAXQJPZ-5140350-DCL_FY25_ENG_50OFFTRANSACTDOMNOOFF_728x90,5717651,19628
2025-12-29,CBB4IV9-4265800-DCL_FY25_ENG_ISLANDDESTINATIONSFLRESDOMNOOFF_160x600,5346479,1686
2025-12-29,CBB4IV9-4265800-DCL_FY25_ENG_ISLANDDESTINATIONSFLRESDOMNOOFF_300x250,5346480,17681
2025-12-29,CBB4IV9-4265800-DCL_FY25_ENG_ISLANDDESTINATIONSFLRESDOMNOOFF_300x600,5346481,1335
2025-12-29,CBB4IV9-4265800-DCL_FY25_ENG_ISLANDDESTINATIONSFLRESDOMNOOFF_320x50,5341685,15297
2025-12-29,CBB4IV9-4265800-DCL_FY25_ENG_ISLANDDESTINATIONSFLRESDOMNOOFF_728x90,5346482,5673
2025-12-29,CBO36IT-5078851-DLR_FY26_ENG_70thCelebrationPhase4_160x600,5812678,75694
2025-12-29,CBO36IT-5078851-DLR_FY26_ENG_70thCelebrationPhase4_300x250,5812679,1931816
2025-12-29,CBO36IT-5078851-DLR_FY26_ENG_70thCelebrationPhase4_300x600,5812681,148979
2025-12-29,CBO36IT-5078851-DLR_FY26_ENG_70thCelebrationPhase4_320x50,5812866,1462822
2025-12-29,CBO36IT-5078851-DLR_FY26_ENG_70thCelebrationPhase4_728x90,5812683,296128
2025-12-29,CC4DFQ5-4983150-WDW_FY25_SPN_HolidaysINSPIREACTIVATETRANSACTFLRESNOOFF_160x600,5625027,424
2025-12-29,CC4DFQ5-4983150-WDW_FY25_SPN_HolidaysINSPIREACTIVATETRANSACTFLRESNOOFF_300x250,5625028,3846
2025-12-29,CC4DFQ5-4983150-WDW_FY25_SPN_HolidaysINSPIREACTIVATETRANSACTFLRESNOOFF_300x600,5625029,241
2025-12-29,CC4DFQ5-4983150-WDW_FY25_SPN_HolidaysINSPIREACTIVATETRANSACTFLRESNOOFF_320x50,5611416,2589
2025-12-29,CC4DFQ5-4983150-WDW_FY25_SPN_HolidaysINSPIREACTIVATETRANSACTFLRESNOOFF_728x90,5625030,799
2025-12-29,CC6SD8J-4264652-DLR_FY25_ENG_LightningLane70thCelebration_160x600,5416765,1162
2025-12-29,CC6SD8J-4264652-DLR_FY25_ENG_LightningLane70thCelebration_300x250,5416766,8929
2025-12-29,CC6SD8J-4264652-DLR_FY25_ENG_LightningLane70thCelebration_300x600,5416767,437
2025-12-29,CC6SD8J-4264652-DLR_FY25_ENG_LightningLane70thCelebration_320x50,5416597,4960
2025-12-29,CC6SD8J-4264652-DLR_FY25_ENG_LightningLane70thCelebration_728x90,5416768,3468
2025-12-29,CCBZY20-3980700-DCL_FY24_ENG_TRITONDESTINYSUSTAINCANNOOFF_160x600,4880623,20769
2025-12-29,CCBZY20-3980700-DCL_FY24_ENG_TRITONDESTINYSUSTAINCANNOOFF_300x250,4880624,259019
2025-12-29,CCBZY20-3980700-DCL_FY24_ENG_TRITONDESTINYSUSTAINCANNOOFF_300x600,4880625,18803
2025-12-29,CCBZY20-3980700-DCL_FY24_ENG_TRITONDESTINYSUSTAINCANNOOFF_320x50,4880111,184370
2025-12-29,CCBZY20-3980700-DCL_FY24_ENG_TRITONDESTINYSUSTAINCANNOOFF_728x90,4880626,80763
2025-12-29,CCHFY06-4647451-DCL_FY25_ENG_ACTIVATEV1DOMNOOFF_160x600,5595875,1630
2025-12-29,CCHFY06-4647451-DCL_FY25_ENG_ACTIVATEV1DOMNOOFF_300x250,5595876,11431
2025-12-29,CCHFY06-4647451-DCL_FY25_ENG_ACTIVATEV1DOMNOOFF_300x600,5595877,1303
2025-12-29,CCHFY06-4647451-DCL_FY25_ENG_ACTIVATEV1DOMNOOFF_320x50,5566684,20065
2025-12-29,CCHFY06-4647451-DCL_FY25_ENG_ACTIVATEV1DOMNOOFF_728x90,5595878,4480
2025-12-29,CCUG0KR-5242250-DLR_FY26_ENG_HotelsOffersTransactDOMQ2ResortROOffer_160x600,5813083,2422
2025-12-29,CCUG0KR-5242250-DLR_FY26_ENG_HotelsOffersTransactDOMQ2ResortROOffer_300x250,5813085,15722
2025-12-29,CCUG0KR-5242250-DLR_FY26_ENG_HotelsOffersTransactDOMQ2ResortROOffer_300x600,5813087,1021
2025-12-29,CCUG0KR-5242250-DLR_FY26_ENG_HotelsOffersTransactDOMQ2ResortROOffer_320x50,5815399,13807
2025-12-29,CCUG0KR-5242250-DLR_FY26_ENG_HotelsOffersTransactDOMQ2ResortROOffer_728x90,5813088,5383
2025-12-29,CCWBUGU-5037350-WDW_FY26_SPN_FOHOfferPASSHLDRFLRESNOOFF_160x600,5682435,343
2025-12-29,CCWBUGU-5037350-WDW_FY26_SPN_FOHOfferPASSHLDRFLRESNOOFF_300x250,5682436,3201
2025-12-29,CCWBUGU-5037350-WDW_FY26_SPN_FOHOfferPASSHLDRFLRESNOOFF_300x600,5682437,356
2025-12-29,CCWBUGU-5037350-WDW_FY26_SPN_FOHOfferPASSHLDRFLRESNOOFF_320x50,5661999,2403
2025-12-29,CCWBUGU-5037350-WDW_FY26_SPN_FOHOfferPASSHLDRFLRESNOOFF_728x90,5682438,813
2025-12-29,CD3J460-4677300-DVC_FY25_ENG_DVCVillasWestofRockiesVDHStaticDVCMEMNOOFF_160x600,5403915,351
2025-12-29,CD3J460-4677300-DVC_FY25_ENG_DVCVillasWestofRockiesVDHStaticDVCMEMNOOFF_300x250,5403916,5154
2025-12-29,CD3J460-4677300-DVC_FY25_ENG_DVCVillasWestofRockiesVDHStaticDVCMEMNOOFF_300x600,5403917,647
2025-12-29,CD3J460-4677300-DVC_FY25_ENG_DVCVillasWestofRockiesVDHStaticDVCMEMNOOFF_320x50,5395139,4917
2025-12-29,CD3J460-4677300-DVC_FY25_ENG_DVCVillasWestofRockiesVDHStaticDVCMEMNOOFF_728x90,5403918,1234
2025-12-29,CDKQE1A-5078851-DLR_FY26_SPA_70thCelebrationPhase4_160x600,5812625,255
2025-12-29,CDKQE1A-5078851-DLR_FY26_SPA_70thCelebrationPhase4_300x250,5812627,25695
2025-12-29,CDKQE1A-5078851-DLR_FY26_SPA_70thCelebrationPhase4_300x600,5812629,2022
2025-12-29,CDKQE1A-5078851-DLR_FY26_SPA_70thCelebrationPhase4_320x50,5809220,23454
2025-12-29,CDKQE1A-5078851-DLR_FY26_SPA_70thCelebrationPhase4_728x90,5812631,903
2025-12-29,CDYR6QP-5182651-DVC_FY26_ENG_Q2InspireDisplayBannersDOMNOOFF_160x600,5838385,849
2025-12-29,CDYR6QP-5182651-DVC_FY26_ENG_Q2InspireDisplayBannersDOMNOOFF_300x250,5838386,11398
2025-12-29,CDYR6QP-5182651-DVC_FY26_ENG_Q2InspireDisplayBannersDOMNOOFF_300x600,5838387,1765
2025-12-29,CDYR6QP-5182651-DVC_FY26_ENG_Q2InspireDisplayBannersDOMNOOFF_728x90,5838388,3480
2025-12-29,CDYR6QP-5182651-DVC_FY26_ENG_Q2InspireStaticBannerDOMNOOFF_320x50,5836052,9367
2025-12-29,CE0DYZX-4870303-WDW_FY25_ENG_BaboonZootopiaDigitalBannersStaticGENNOOFF_160x600,5680446,48693
2025-12-29,CE0DYZX-4870303-WDW_FY25_ENG_BaboonZootopiaDigitalBannersStaticGENNOOFF_300x250,5680447,578548
2025-12-29,CE0DYZX-4870303-WDW_FY25_ENG_BaboonZootopiaDigitalBannersStaticGENNOOFF_300x600,5680448,58364
2025-12-29,CE0DYZX-4870303-WDW_FY25_ENG_BaboonZootopiaDigitalBannersStaticGENNOOFF_320x50,5665950,433047
2025-12-29,CE0DYZX-4870303-WDW_FY25_ENG_BaboonZootopiaDigitalBannersStaticGENNOOFF_728x90,5680449,187945
2025-12-29,CE1YYAE-5077901-DLR_ENG_HolidayDisplayBanners_160x600,5682917,969
2025-12-29,CE1YYAE-5077901-DLR_ENG_HolidayDisplayBanners_300x250,5682918,8708
2025-12-29,CE1YYAE-5077901-DLR_ENG_HolidayDisplayBanners_300x600,5682919,534
2025-12-29,CE1YYAE-5077901-DLR_ENG_HolidayDisplayBanners_320x50,5678203,4454
2025-12-29,CE1YYAE-5077901-DLR_ENG_HolidayDisplayBanners_728x90,5682920,2725
2025-12-29,CEDYSF5-3838885-DLR_FY24_ENG_SCATransactAbandoner_160x600,4871642,233
2025-12-29,CEDYSF5-3838885-DLR_FY24_ENG_SCATransactAbandoner_300x250,4871638,4232
2025-12-29,CEDYSF5-3838885-DLR_FY24_ENG_SCATransactAbandoner_300x600,4871639,471
2025-12-29,CEDYSF5-3838885-DLR_FY24_ENG_SCATransactAbandoner_320x50,4829532,396
2025-12-29,CEDYSF5-3838885-DLR_FY24_ENG_SCATransactAbandoner_728x90,4871640,1026
2025-12-29,CEF9P2F-3830360-WDW_FY24_ENG_SCASecondTouchTickets_160x600,4918352,76
2025-12-29,CEF9P2F-3830360-WDW_FY24_ENG_SCASecondTouchTickets_300x250,4918353,587
2025-12-29,CEF9P2F-3830360-WDW_FY24_ENG_SCASecondTouchTickets_300x600,4918354,57
2025-12-29,CEF9P2F-3830360-WDW_FY24_ENG_SCASecondTouchTickets_320x50,4724148,122
2025-12-29,CEF9P2F-3830360-WDW_FY24_ENG_SCASecondTouchTickets_728x90,4918355,134
2025-12-29,CEHTK3B-4273904-DCL_FY25_ENG_TEXASV2DOMNOOFF_160x600,5401483,858
2025-12-29,CEHTK3B-4273904-DCL_FY25_ENG_TEXASV2DOMNOOFF_300x250,5401484,6658
2025-12-29,CEHTK3B-4273904-DCL_FY25_ENG_TEXASV2DOMNOOFF_300x600,5401485,441
2025-12-29,CEHTK3B-4273904-DCL_FY25_ENG_TEXASV2DOMNOOFF_320x50,5330001,6083
2025-12-29,CEHTK3B-4273904-DCL_FY25_ENG_TEXASV2DOMNOOFF_728x90,5401486,4549
2025-12-29,CF30HNT-3987252-WDW_FY24_ENG_Holidaysexploreticsv2CFTNOOFF_320x50,4776814,29606
2025-12-29,CF30HNT-3987252-WDW_FY24_ENG_Holidaysexploreticsv2CFTNOOFF_320x50_160x600.zip,5587987,812
2025-12-29,CF30HNT-3987252-WDW_FY24_ENG_Holidaysexploreticsv2CFTNOOFF_320x50_300x250.zip,5587988,11515
2025-12-29,CF30HNT-3987252-WDW_FY24_ENG_Holidaysexploreticsv2CFTNOOFF_320x50_300x600.zip,5587989,1298
2025-12-29,CF30HNT-3987252-WDW_FY24_ENG_Holidaysexploreticsv2CFTNOOFF_320x50_728x90.zip,5587990,4484
2025-12-29,CFVP1NK-5231850-DVC_FY26_ENG_HolidayOfferAnimatedBannersDVCMEMNOOFF_160x600,5827747,256
2025-12-29,CFVP1NK-5231850-DVC_FY26_ENG_HolidayOfferAnimatedBannersDVCMEMNOOFF_300x250,5827748,3999
2025-12-29,CFVP1NK-5231850-DVC_FY26_ENG_HolidayOfferAnimatedBannersDVCMEMNOOFF_300x600,5827749,360
2025-12-29,CFVP1NK-5231850-DVC_FY26_ENG_HolidayOfferAnimatedBannersDVCMEMNOOFF_320x50,5789699,3617
2025-12-29,CFVP1NK-5231850-DVC_FY26_ENG_HolidayOfferAnimatedBannersDVCMEMNOOFF_728x90,5827750,984
2025-12-29,CG6DK24-4436102-WDW_FY25_PGE_InfiniteMagicCharactersV2LATAMNOOFF_300x250.zip,5217915,147080
2025-12-29,CG6DK24-4436102-WDW_FY25_PGE_InfiniteMagicCharactersV2LATAMNOOFF_300x600.zip,5217917,23931
2025-12-29,CG6DK24-4436102-WDW_FY25_PGE_InfiniteMagicCharactersV2LATAMNOOFF_320x50.jpg,5123111,5016
2025-12-29,CG6DK24-4436102-WDW_FY25_PGE_InfiniteMagicCharactersV2LATAMNOOFF_728x90.zip,5217918,4465
2025-12-29,CGQ3VOL-4667950-DLR_FY25_ENG_YoungFamMFTUFY4Update_300x250,5392754,2272
2025-12-29,CGQ3VOL-4667950-DLR_FY25_ENG_YoungFamMFTUFY4Update_300x600,5392755,1
2025-12-29,CGQ3VOL-4667950-DLR_FY25_ENG_YoungFamMFTUFY4Update_320x50,5366978,2061
2025-12-29,CGQ3VOL-4667950-DLR_FY25_ENG_YoungFamMFTUFY4Update_728x90,5392756,619
2025-12-29,CH08DP0-4868851-WDW_FY26_ENG_Q2OfferInspireStaticDOMDomesticQ2Package_160x600,5591335,12259
2025-12-29,CH08DP0-4868851-WDW_FY26_ENG_Q2OfferInspireStaticDOMDomesticQ2Package_300x250,5591336,308695
2025-12-29,CH08DP0-4868851-WDW_FY26_ENG_Q2OfferInspireStaticDOMDomesticQ2Package_300x600,5591337,39545
2025-12-29,CH08DP0-4868851-WDW_FY26_ENG_Q2OfferInspireStaticDOMDomesticQ2Package_320x50,5522070,165230
2025-12-29,CH08DP0-4868851-WDW_FY26_ENG_Q2OfferInspireStaticDOMDomesticQ2Package_728x90,5591338,52566
2025-12-29,CHOSBGF-5089800-WDW_FY26_SPN_APRebrandPASSHLDRDisneyPixieDustPass_160x600,5682420,380
2025-12-29,CHOSBGF-5089800-WDW_FY26_SPN_APRebrandPASSHLDRDisneyPixieDustPass_300x250,5682421,3587
2025-12-29,CHOSBGF-5089800-WDW_FY26_SPN_APRebrandPASSHLDRDisneyPixieDustPass_300x600,5682422,330
2025-12-29,CHOSBGF-5089800-WDW_FY26_SPN_APRebrandPASSHLDRDisneyPixieDustPass_320x50,5646559,2774
2025-12-29,CHOSBGF-5089800-WDW_FY26_SPN_APRebrandPASSHLDRDisneyPixieDustPass_728x90,5646560,946
2025-12-29,CHVLTPR-4598853-ABD_FY25_ENG_Q42026NewItineraries_160x600,5490134,6024
2025-12-29,CHVLTPR-4598853-ABD_FY25_ENG_Q42026NewItineraries_300x250,5490135,121320
2025-12-29,CHVLTPR-4598853-ABD_FY25_ENG_Q42026NewItineraries_300x600,5490136,25696
2025-12-29,CHVLTPR-4598853-ABD_FY25_ENG_Q42026NewItineraries_320x50,5472014,59047
2025-12-29,CHVLTPR-4598853-ABD_FY25_ENG_Q42026NewItineraries_728x90,5490137,24336
2025-12-29,CI4M85A-4436102-WDW_FY25_SPN_InfiniteMagicCharactersV1LATAMNOOFF_300x250.zip,5216979,94830
2025-12-29,CI4M85A-4436102-WDW_FY25_SPN_InfiniteMagicCharactersV1LATAMNOOFF_300x600.zip,5216980,13485
2025-12-29,CI4M85A-4436102-WDW_FY25_SPN_InfiniteMagicCharactersV1LATAMNOOFF_320x50.jpg,5123112,26030
2025-12-29,CI4M85A-4436102-WDW_FY25_SPN_InfiniteMagicCharactersV1LATAMNOOFF_728x90.zip,5216981,38714
2025-12-29,CJ08GXE-4811501-WDW_FY26_ENG_SpringFOTAUSNOOFF_160x600,5788308,43634
2025-12-29,CJ08GXE-4811501-WDW_FY26_ENG_SpringFOTAUSNOOFF_300x250,5788309,499793
2025-12-29,CJ08GXE-4811501-WDW_FY26_ENG_SpringFOTAUSNOOFF_300x600,5788310,52676
2025-12-29,CJ08GXE-4811501-WDW_FY26_ENG_SpringFOTAUSNOOFF_320x50,5763897,359924
2025-12-29,CJ08GXE-4811501-WDW_FY26_ENG_SpringFOTAUSNOOFF_728x90,5788311,157403
2025-12-29,CJ3ROCB-4602852-DLR_FY25_ENG_HolidaysINSPIREDOMNOOFF_160x600,5518433,0
2025-12-29,CJ70L6U-4949701-DLR_FY26_ENG_MagicKeyAcquisitionV2_160x600,5712833,2768
2025-12-29,CJ70L6U-4949701-DLR_FY26_ENG_MagicKeyAcquisitionV2_300x250,5712834,36896
2025-12-29,CJ70L6U-4949701-DLR_FY26_ENG_MagicKeyAcquisitionV2_300x600,5712835,4411
2025-12-29,CJ70L6U-4949701-DLR_FY26_ENG_MagicKeyAcquisitionV2_320x50,5711747,36698
2025-12-29,CJ70L6U-4949701-DLR_FY26_ENG_MagicKeyAcquisitionV2_728x90,5712836,8041
2025-12-29,CJ75W7P-4433750-DCL_FY25_ENG_WISHACTIVATEFLDOMNOOFF_160x600,5225606,1857
2025-12-29,CJ75W7P-4433750-DCL_FY25_ENG_WISHACTIVATEFLDOMNOOFF_300x250,5225607,18438
2025-12-29,CJ75W7P-4433750-DCL_FY25_ENG_WISHACTIVATEFLDOMNOOFF_300x600,5225608,1165
2025-12-29,CJ75W7P-4433750-DCL_FY25_ENG_WISHACTIVATEFLDOMNOOFF_320x50,5268683,16561
2025-12-29,CJ75W7P-4433750-DCL_FY25_ENG_WISHACTIVATEFLDOMNOOFF_728x90,5225609,5341
2025-12-29,CJK6V5L-4794751-DCL_FY25_ENG_ALASKAINSPIREDOMNOOFF_160x600,5595885,9065
2025-12-29,CJK6V5L-4794751-DCL_FY25_ENG_ALASKAINSPIREDOMNOOFF_300x250,5595886,62019
2025-12-29,CJK6V5L-4794751-DCL_FY25_ENG_ALASKAINSPIREDOMNOOFF_300x600,5595887,11062
2025-12-29,CJK6V5L-4794751-DCL_FY25_ENG_ALASKAINSPIREDOMNOOFF_320x50,5557555,66547
2025-12-29,CJK6V5L-4794751-DCL_FY25_ENG_ALASKAINSPIREDOMNOOFF_728x90,5595888,50326
2025-12-29,CJP4IIN-4437011-DVC_FY25_ENG_BannersQ3CabinsDisplayDOMNOOFF_160x600,5206367,1789
2025-12-29,CJP4IIN-4437011-DVC_FY25_ENG_BannersQ3CabinsDisplayDOMNOOFF_300x250,5206368,23557
2025-12-29,CJP4IIN-4437011-DVC_FY25_ENG_BannersQ3CabinsDisplayDOMNOOFF_300x600,5206369,3055
2025-12-29,CJP4IIN-4437011-DVC_FY25_ENG_BannersQ3CabinsDisplayDOMNOOFF_320x50,5206103,18442
2025-12-29,CJP4IIN-4437011-DVC_FY25_ENG_BannersQ3CabinsDisplayDOMNOOFF_728x90,5206370,6160
2025-12-29,CJSDJCL-4303350-SBD_FY25_ENG_CotinoNATIONAL_160x600,5117740,2
2025-12-29,CJSDJCL-4303350-SBD_FY25_ENG_CotinoNATIONAL_300x250,5111331,73487
2025-12-29,CJSDJCL-4303350-SBD_FY25_ENG_CotinoNATIONAL_300x600,5111329,14936
2025-12-29,CJSDJCL-4303350-SBD_FY25_ENG_CotinoNATIONAL_320x50,5101352,21104
2025-12-29,CJSDJCL-4303350-SBD_FY25_ENG_CotinoNATIONAL_728x90,5111332,93518
2025-12-29,CK5C8I2-3830361-WDW_FY24_ENG_SCASecondTouchResorts_160x600,4918225,146
2025-12-29,CK5C8I2-3830361-WDW_FY24_ENG_SCASecondTouchResorts_300x250,4918227,1375
2025-12-29,CK5C8I2-3830361-WDW_FY24_ENG_SCASecondTouchResorts_300x600,4918226,136
2025-12-29,CK5C8I2-3830361-WDW_FY24_ENG_SCASecondTouchResorts_320x50,4918787,274
2025-12-29,CK5C8I2-3830361-WDW_FY24_ENG_SCASecondTouchResorts_728x90,4918228,305
2025-12-29,CKWX37I-2789846-DLR_FY23_ENG_HotelEvergreenWelcomeToHappy_160x600,4232549,3156
2025-12-29,CKWX37I-2789846-DLR_FY23_ENG_HotelEvergreenWelcomeToHappy_300x250,4232550,29006
2025-12-29,CKWX37I-2789846-DLR_FY23_ENG_HotelEvergreenWelcomeToHappy_300x600,4232551,3818
2025-12-29,CKWX37I-2789846-DLR_FY23_ENG_HotelEvergreenWelcomeToHappy_320x50,4226962,18988
2025-12-29,CKWX37I-2789846-DLR_FY23_ENG_HotelEvergreenWelcomeToHappy_728x90,4232548,11193
2025-12-29,CL17FA6-4865250-WDW_FY25_ENG_RoomOnlyTransactTSBQ2Q3RoomOnlyOffer_160x600,5595671,199026
2025-12-29,CL17FA6-4865250-WDW_FY25_ENG_RoomOnlyTransactTSBQ2Q3RoomOnlyOffer_300x250,5595672,1760256
2025-12-29,CL17FA6-4865250-WDW_FY25_ENG_RoomOnlyTransactTSBQ2Q3RoomOnlyOffer_300x600,5595673,207012
2025-12-29,CL17FA6-4865250-WDW_FY25_ENG_RoomOnlyTransactTSBQ2Q3RoomOnlyOffer_320x50,5521468,1431122
2025-12-29,CL17FA6-4865250-WDW_FY25_ENG_RoomOnlyTransactTSBQ2Q3RoomOnlyOffer_728x90,5595674,487909
2025-12-29,CL4AYPF-4983150-WDW_FY25_ENG_HolidaysTRANSACTFLRESNOOFF_160x600,5625010,9178
2025-12-29,CL4AYPF-4983150-WDW_FY25_ENG_HolidaysTRANSACTFLRESNOOFF_300x250,5625011,81018
2025-12-29,CL4AYPF-4983150-WDW_FY25_ENG_HolidaysTRANSACTFLRESNOOFF_300x600,5625012,7476
2025-12-29,CL4AYPF-4983150-WDW_FY25_ENG_HolidaysTRANSACTFLRESNOOFF_320x50,5611415,36441
2025-12-29,CL4AYPF-4983150-WDW_FY25_ENG_HolidaysTRANSACTFLRESNOOFF_728x90,5625013,21080
2025-12-29,CL4EAW2-4903500-WDW_FY25_ENG_RoomOnlyTransactFLRESQ2ResortOffer_160x600,5695201,13395
2025-12-29,CL4EAW2-4903500-WDW_FY25_ENG_RoomOnlyTransactFLRESQ2ResortOffer_300x250,5695203,175467
2025-12-29,CL4EAW2-4903500-WDW_FY25_ENG_RoomOnlyTransactFLRESQ2ResortOffer_300x600,5695204,20228
2025-12-29,CL4EAW2-4903500-WDW_FY25_ENG_RoomOnlyTransactFLRESQ2ResortOffer_320x50,5630506,128109
2025-12-29,CL4EAW2-4903500-WDW_FY25_ENG_RoomOnlyTransactFLRESQ2ResortOffer_728x90,5695205,43506
2025-12-29,CL6WB2P-4163104-WDW_FY25_ENG_PreSchoolWeNeedMagicDigitalBannersWave1PREKNOOFF_160x600,5222664,12392
2025-12-29,CL6WB2P-4163104-WDW_FY25_ENG_PreSchoolWeNeedMagicDigitalBannersWave1PREKNOOFF_300x250,5222665,308210
2025-12-29,CL6WB2P-4163104-WDW_FY25_ENG_PreSchoolWeNeedMagicDigitalBannersWave1PREKNOOFF_300x600,5222667,39970
2025-12-29,CL6WB2P-4163104-WDW_FY25_ENG_PreSchoolWeNeedMagicDigitalBannersWave1PREKNOOFF_320x50,5115480,165523
2025-12-29,CL6WB2P-4163104-WDW_FY25_ENG_PreSchoolWeNeedMagicDigitalBannersWave1PREKNOOFF_728x90,5222670,52220
2025-12-29,CLEMXDT-4865250-WDW_FY25_ENG_RoomOnlyTransactCANQ2Q3RoomOnlyOfferCNE_160x600,5572153,6172
2025-12-29,CLEMXDT-4865250-WDW_FY25_ENG_RoomOnlyTransactCANQ2Q3RoomOnlyOfferCNE_300x250,5572154,47248
2025-12-29,CLEMXDT-4865250-WDW_FY25_ENG_RoomOnlyTransactCANQ2Q3RoomOnlyOfferCNE_300x600,5572155,8867
2025-12-29,CLEMXDT-4865250-WDW_FY25_ENG_RoomOnlyTransactCANQ2Q3RoomOnlyOfferCNE_320x50,5521469,48308
2025-12-29,CLEMXDT-4865250-WDW_FY25_ENG_RoomOnlyTransactCANQ2Q3RoomOnlyOfferCNE_728x90,5572156,19778
2025-12-29,CLH72CO-NA-WDW_FY25_ENG_MemoryMakerQ4_160x600,5396840,5518
2025-12-29,CLH72CO-NA-WDW_FY25_ENG_MemoryMakerQ4_300x250,5396841,31901
2025-12-29,CLH72CO-NA-WDW_FY25_ENG_MemoryMakerQ4_300x600,5396839,1569
2025-12-29,CLH72CO-NA-WDW_FY25_ENG_MemoryMakerQ4_320x50,5396842,17848
2025-12-29,CLH72CO-NA-WDW_FY25_ENG_MemoryMakerQ4_728x90,5396838,7770
2025-12-29,CLQW4IL-3830361-WDW_FY24_ENG_SCAFirstTouch_160x600,4918356,641
2025-12-29,CLQW4IL-3830361-WDW_FY24_ENG_SCAFirstTouch_300x250,4918357,4529
2025-12-29,CLQW4IL-3830361-WDW_FY24_ENG_SCAFirstTouch_300x600,4918358,912
2025-12-29,CLQW4IL-3830361-WDW_FY24_ENG_SCAFirstTouch_320x50,4736005,1428
2025-12-29,CLQW4IL-3830361-WDW_FY24_ENG_SCAFirstTouch_728x90,4918359,1409
2025-12-29,CLX6GTY-5080552-NGE_FY26_ENG_ExpeditionCruiseQ1ExpeditionCruiseGalapagosBannersDOMNOOFF_160x600,5699544,2103
2025-12-29,CLX6GTY-5080552-NGE_FY26_ENG_ExpeditionCruiseQ1ExpeditionCruiseGalapagosBannersDOMNOOFF_300x250,5699541,65004
2025-12-29,CLX6GTY-5080552-NGE_FY26_ENG_ExpeditionCruiseQ1ExpeditionCruiseGalapagosBannersDOMNOOFF_300x600,5699542,7158
2025-12-29,CLX6GTY-5080552-NGE_FY26_ENG_ExpeditionCruiseQ1ExpeditionCruiseGalapagosBannersDOMNOOFF_728x90,5699543,8268
2025-12-29,CLX6GTY-5080552-NGE_FY26_ENG_ExpeditionCruiseQ1ExpeditionCruiseGalapagosMobileStaticDOMNOOFF_320x50,5684957,27388
2025-12-29,CMAVLNC-4068002-WDW_FY24_ENG_HolidaysDisneySpringsPLAYFLRESNOOFF_160x600,5686995,1381
2025-12-29,CMAVLNC-4068002-WDW_FY24_ENG_HolidaysDisneySpringsPLAYFLRESNOOFF_300x250,5686996,8101
2025-12-29,CMAVLNC-4068002-WDW_FY24_ENG_HolidaysDisneySpringsPLAYFLRESNOOFF_300x600,5686997,1502
2025-12-29,CMAVLNC-4068002-WDW_FY24_ENG_HolidaysDisneySpringsPLAYFLRESNOOFF_320x50.jpg,4917483,34711
2025-12-29,CMAVLNC-4068002-WDW_FY24_ENG_HolidaysDisneySpringsPLAYFLRESNOOFF_728x90,5686998,4852
2025-12-29,CMDJ1CB-4850355-WDW_FY25_SPN_HolidaysTinyWorldLATAMNOOFF_728x90,5498707,0
2025-12-29,CME2GDS-4460550-DLR_FY25_SPN_EvergreenInspire_160x600,5187999,119
2025-12-29,CME2GDS-4460550-DLR_FY25_SPN_EvergreenInspire_300x250,5188001,1436
2025-12-29,CME2GDS-4460550-DLR_FY25_SPN_EvergreenInspire_300x600,5188003,111
2025-12-29,CME2GDS-4460550-DLR_FY25_SPN_EvergreenInspire_320x50,5182850,2025
2025-12-29,CME2GDS-4460550-DLR_FY25_SPN_EvergreenInspire_728x90,5188005,504
2025-12-29,CMVEI18-3068985-DCL_FY22_FRE_OFFERWAVE1CANRESIDENT_160x600.zip,4167168,2690
2025-12-29,CMVEI18-3068985-DCL_FY22_FRE_OFFERWAVE1CANRESIDENT_300x250.zip,4167169,10019
2025-12-29,CMVEI18-3068985-DCL_FY22_FRE_OFFERWAVE1CANRESIDENT_300x600.zip,4167170,3114
2025-12-29,CMVEI18-3068985-DCL_FY22_FRE_OFFERWAVE1CANRESIDENT_320x50,4158349,4604
2025-12-29,CMVEI18-3068985-DCL_FY22_FRE_OFFERWAVE1CANRESIDENT_728x90.zip,4167171,6651
2025-12-29,CMWY4YL-4937651-AUL_FY26_ENG_EvergreenActivateDOMNOOFF_160x600,5590756,2347
2025-12-29,CMWY4YL-4937651-AUL_FY26_ENG_EvergreenActivateDOMNOOFF_300x250,5590757,72075
2025-12-29,CMWY4YL-4937651-AUL_FY26_ENG_EvergreenActivateDOMNOOFF_300x600,5590758,8210
2025-12-29,CMWY4YL-4937651-AUL_FY26_ENG_EvergreenActivateDOMNOOFF_320x50,5573099,37184
2025-12-29,CMWY4YL-4937651-AUL_FY26_ENG_EvergreenActivateDOMNOOFF_728x90,5590759,11439
2025-12-29,CN9P7NI-4865250-WDW_FY25_FRC_RoomOnlyTransactCANQ2Q3RoomOnlyOffer_160x600,5572163,3586
2025-12-29,CN9P7NI-4865250-WDW_FY25_FRC_RoomOnlyTransactCANQ2Q3RoomOnlyOffer_300x250,5572164,15205
2025-12-29,CN9P7NI-4865250-WDW_FY25_FRC_RoomOnlyTransactCANQ2Q3RoomOnlyOffer_300x600,5572165,98
2025-12-29,CN9P7NI-4865250-WDW_FY25_FRC_RoomOnlyTransactCANQ2Q3RoomOnlyOffer_320x50,5521470,16634
2025-12-29,CN9P7NI-4865250-WDW_FY25_FRC_RoomOnlyTransactCANQ2Q3RoomOnlyOffer_728x90,5572166,5868
2025-12-29,CNC5UCJ-4987600-WDW_ENG_FY26DiningEECDiningEvergreenV1STATICDOMNOOFF_160x600,5680279,7376
2025-12-29,CNC5UCJ-4987600-WDW_ENG_FY26DiningEECDiningEvergreenV1STATICDOMNOOFF_300x250,5680280,46947
2025-12-29,CNC5UCJ-4987600-WDW_ENG_FY26DiningEECDiningEvergreenV1STATICDOMNOOFF_300x600,5680281,1649
2025-12-29,CNC5UCJ-4987600-WDW_ENG_FY26DiningEECDiningEvergreenV1STATICDOMNOOFF_320x50,5609544,36706
2025-12-29,CNC5UCJ-4987600-WDW_ENG_FY26DiningEECDiningEvergreenV1STATICDOMNOOFF_728x90,5680282,11822
2025-12-29,CNLVKOY-3413114-WDW_FY24_ENG_HispanicMKHISPNOOFFPuraMagiaSet4_160x600,4871312,12369
2025-12-29,CNLVKOY-3413114-WDW_FY24_ENG_HispanicMKHISPNOOFFPuraMagiaSet4_300x250,4871313,307771
2025-12-29,CNLVKOY-3413114-WDW_FY24_ENG_HispanicMKHISPNOOFFPuraMagiaSet4_300x600,4871314,39380
2025-12-29,CNLVKOY-3413114-WDW_FY24_ENG_HispanicMKHISPNOOFFPuraMagiaSet4_320x50,4634100,165642
2025-12-29,CNLVKOY-3413114-WDW_FY24_ENG_HispanicMKHISPNOOFFPuraMagiaSet4_728x90,4871316,53526
2025-12-29,CNPKY78-3831852-WDW-FY24-PGE_ClickLATAM4ParkMagicTicket_300x250.zip,4928129,110187
2025-12-29,CNPKY78-3831852-WDW-FY24-PGE_ClickLATAM4ParkMagicTicket_300x600.zip,4928130,20381
2025-12-29,CNPKY78-3831852-WDW-FY24-PGE_ClickLATAM4ParkMagicTicket_728x90.zip,4928131,9222
2025-12-29,CNPKY78-3831852-WDW_FY24_PGE_ClickLATAM4ParkMagicTicket_320x50.jpg,4833421,5833
2025-12-29,CNTUBLE-4304066-WDW_FY25_SPN_HWYADisneySpringsHISPNOOFF_300x250,5071651,3561
2025-12-29,CNTUBLE-4304066-WDW_FY25_SPN_HWYADisneySpringsHISPNOOFF_320x50,5055603,29595
2025-12-29,CNZ7O6M-5089800-WDW_FY26_ENG_FLRESFLResidentAPACTIVATE_160x600,5682398,27675
2025-12-29,CNZ7O6M-5089800-WDW_FY26_ENG_FLRESFLResidentAPACTIVATE_300x250,5682399,197468
2025-12-29,CNZ7O6M-5089800-WDW_FY26_ENG_FLRESFLResidentAPACTIVATE_300x600,5682400,24559
2025-12-29,CNZ7O6M-5089800-WDW_FY26_ENG_FLRESFLResidentAPACTIVATE_320x50,5684319,107483
2025-12-29,CNZ7O6M-5089800-WDW_FY26_ENG_FLRESFLResidentAPACTIVATE_728x90,5684320,57036
2025-12-29,CO2E48U-3068985-DCL_FY22_ENG_OFFERWAVE1CANRESIDENT_160x600.zip,4167176,9135
2025-12-29,CO2E48U-3068985-DCL_FY22_ENG_OFFERWAVE1CANRESIDENT_300x250.zip,4167177,43756
2025-12-29,CO2E48U-3068985-DCL_FY22_ENG_OFFERWAVE1CANRESIDENT_300x600.zip,4167178,13895
2025-12-29,CO2E48U-3068985-DCL_FY22_ENG_OFFERWAVE1CANRESIDENT_320x50,4158352,32122
2025-12-29,CO2E48U-3068985-DCL_FY22_ENG_OFFERWAVE1CANRESIDENT_728x90.zip,4167179,31198
2025-12-29,COENJB5-4987600-WDW_FY26_ENG_DiningEECDiningEvergreenV2STATICDOMNOOFF_160x600,5680283,6071
2025-12-29,COENJB5-4987600-WDW_FY26_ENG_DiningEECDiningEvergreenV2STATICDOMNOOFF_300x250,5680284,39028
2025-12-29,COENJB5-4987600-WDW_FY26_ENG_DiningEECDiningEvergreenV2STATICDOMNOOFF_300x600,5680285,2157
2025-12-29,COENJB5-4987600-WDW_FY26_ENG_DiningEECDiningEvergreenV2STATICDOMNOOFF_320x50,5609545,27750
2025-12-29,COENJB5-4987600-WDW_FY26_ENG_DiningEECDiningEvergreenV2STATICDOMNOOFF_728x90,5680286,8228
2025-12-29,CP7660V-3332255-DCL_FY23_ENG_INSPIREFLRESDOMNOOFF_160x600,4425970,2030
2025-12-29,CP7660V-3332255-DCL_FY23_ENG_INSPIREFLRESDOMNOOFF_300x250,4425971,17753
2025-12-29,CP7660V-3332255-DCL_FY23_ENG_INSPIREFLRESDOMNOOFF_300x600,4425972,1276
2025-12-29,CP7660V-3332255-DCL_FY23_ENG_INSPIREFLRESDOMNOOFF_320x50,4416731,15176
2025-12-29,CP7660V-3332255-DCL_FY23_ENG_INSPIREFLRESDOMNOOFF_728x90,4425973,5824
2025-12-29,CPBTUXN-4666900-RUN_FY25_ENG_runD12ksrunDVirtual12KsofChristmasDigitalBannersMEDALDOMNOOFF_160x600.zip,5595111,7720
2025-12-29,CPBTUXN-4666900-RUN_FY25_ENG_runD12ksrunDVirtual12KsofChristmasDigitalBannersMEDALDOMNOOFF_300x250.zip,5595112,59472
2025-12-29,CPBTUXN-4666900-RUN_FY25_ENG_runD12ksrunDVirtual12KsofChristmasDigitalBannersMEDALDOMNOOFF_300x600.zip,5595113,6090
2025-12-29,CPBTUXN-4666900-RUN_FY25_ENG_runD12ksrunDVirtual12KsofChristmasDigitalBannersMEDALDOMNOOFF_320x50,5589887,36152
2025-12-29,CPBTUXN-4666900-RUN_FY25_ENG_runD12ksrunDVirtual12KsofChristmasDigitalBannersMEDALDOMNOOFF_728x90.zip,5595114,14955
2025-12-29,CQEXPSL-4432202-WDW_FY25_ENG_StarlightCharactersFLRESNOOFF_160x600,5595120,62163
2025-12-29,CQEXPSL-4432202-WDW_FY25_ENG_StarlightCharactersFLRESNOOFF_300x250,5595121,711154
2025-12-29,CQEXPSL-4432202-WDW_FY25_ENG_StarlightCharactersFLRESNOOFF_300x600,5595122,73675
2025-12-29,CQEXPSL-4432202-WDW_FY25_ENG_StarlightCharactersFLRESNOOFF_320x50,5564358,517638
2025-12-29,CQEXPSL-4432202-WDW_FY25_ENG_StarlightCharactersFLRESNOOFF_728x90,5595123,228669
2025-12-29,CR384AZ-3344472-WDW_FY23_ENG_VIPToursQ4DisplayBannersDOM_160x600,4418605,5337
2025-12-29,CR384AZ-3344472-WDW_FY23_ENG_VIPToursQ4DisplayBannersDOM_300x250,4418606,38574
2025-12-29,CR384AZ-3344472-WDW_FY23_ENG_VIPToursQ4DisplayBannersDOM_300x600,4418607,4664
2025-12-29,CR384AZ-3344472-WDW_FY23_ENG_VIPToursQ4DisplayBannersDOM_320x50,4373220,52551
2025-12-29,CR384AZ-3344472-WDW_FY23_ENG_VIPToursQ4DisplayBannersDOM_728x90,4418608,21614
2025-12-29,CR3A9GG-4460550-DLR_FY25_ENG_EvergreenInspire_160x600,5174823,32884
2025-12-29,CR3A9GG-4460550-DLR_FY25_ENG_EvergreenInspire_300x250,5174824,253246
2025-12-29,CR3A9GG-4460550-DLR_FY25_ENG_EvergreenInspire_300x600,5174825,22633
2025-12-29,CR3A9GG-4460550-DLR_FY25_ENG_EvergreenInspire_320x50,5165692,167563
2025-12-29,CR3A9GG-4460550-DLR_FY25_ENG_EvergreenInspire_728x90,5174826,86166
2025-12-29,CRLQFV5-4903500-WDW_FY25_SPN_RoomOnlyInspireFLRESQ2ResortOffer_160x600,5695180,103
2025-12-29,CRLQFV5-4903500-WDW_FY25_SPN_RoomOnlyInspireFLRESQ2ResortOffer_300x250,5695181,200
2025-12-29,CRLQFV5-4903500-WDW_FY25_SPN_RoomOnlyInspireFLRESQ2ResortOffer_300x600,5695182,159
2025-12-29,CRLQFV5-4903500-WDW_FY25_SPN_RoomOnlyInspireFLRESQ2ResortOffer_320x50,5630508,2074
2025-12-29,CS7WRAN-4937651-AUL_FY26_ENG_EvergreenInspireDOMNOOFF_160x600,5590775,23
2025-12-29,CS7WRAN-4937651-AUL_FY26_ENG_EvergreenInspireDOMNOOFF_300x250,5590776,87650
2025-12-29,CS7WRAN-4937651-AUL_FY26_ENG_EvergreenInspireDOMNOOFF_300x600,5590777,12129
2025-12-29,CS7WRAN-4937651-AUL_FY26_ENG_EvergreenInspireDOMNOOFF_320x50,5573100,1966
2025-12-29,CS7WRAN-4937651-AUL_FY26_ENG_EvergreenInspireDOMNOOFF_728x90,5590778,494
2025-12-29,CSFVCJC-5244100-DCL_ENG_FY2550OFFACTIVATEDOMNOOFF_160x600,5680354,4889
2025-12-29,CSFVCJC-5244100-DCL_ENG_FY2550OFFACTIVATEDOMNOOFF_300x250,5680355,64897
2025-12-29,CSFVCJC-5244100-DCL_ENG_FY2550OFFACTIVATEDOMNOOFF_300x600,5680356,6324
2025-12-29,CSFVCJC-5244100-DCL_ENG_FY2550OFFACTIVATEDOMNOOFF_320x50,5675323,46391
2025-12-29,CSFVCJC-5244100-DCL_ENG_FY2550OFFACTIVATEDOMNOOFF_320x50,5717613,18371
2025-12-29,CSFVCJC-5244100-DCL_ENG_FY2550OFFACTIVATEDOMNOOFF_728x90,5680357,18451
2025-12-29,CSIJ5E5-5078851-DLR_FY26_ENG_70thCelebrationPhase4ACTIVATE_160x600,5828706,27213
2025-12-29,CSIJ5E5-5078851-DLR_FY26_ENG_70thCelebrationPhase4ACTIVATE_300x250,5828707,370697
2025-12-29,CSIJ5E5-5078851-DLR_FY26_ENG_70thCelebrationPhase4ACTIVATE_300x600,5828708,30629
2025-12-29,CSIJ5E5-5078851-DLR_FY26_ENG_70thCelebrationPhase4ACTIVATE_320x50,5809219,236107
2025-12-29,CSIJ5E5-5078851-DLR_FY26_ENG_70thCelebrationPhase4ACTIVATE_728x90,5828709,86828
2025-12-29,CSZCPT6-5242250-DLR_FY26_SPA_HotelsOffersActivateDOMQ2ResortROOffer_160x600,5813005,82
2025-12-29,CSZCPT6-5242250-DLR_FY26_SPA_HotelsOffersActivateDOMQ2ResortROOffer_300x250,5813007,2337
2025-12-29,CSZCPT6-5242250-DLR_FY26_SPA_HotelsOffersActivateDOMQ2ResortROOffer_300x600,5813009,329
2025-12-29,CSZCPT6-5242250-DLR_FY26_SPA_HotelsOffersActivateDOMQ2ResortROOffer_728x90,5813011,197
2025-12-29,CSZCPT6-5242250-DLR_FY26_SPA_HotelsOffersActivateSTATICDOMQ2ResortROOffer_320x50,5795896,1863
2025-12-29,CTFSPEK-2299251-DCL_FY22_ENG_INSPIRETXDOMNOOFF_160x600,3845631,541
2025-12-29,CTFSPEK-2299251-DCL_FY22_ENG_INSPIRETXDOMNOOFF_300x250,3845632,14704
2025-12-29,CTFSPEK-2299251-DCL_FY22_ENG_INSPIRETXDOMNOOFF_300x600,3845633,459
2025-12-29,CTFSPEK-2299251-DCL_FY22_ENG_INSPIRETXDOMNOOFF_320x50,3835040,9497
2025-12-29,CTFSPEK-2299251-DCL_FY22_ENG_INSPIRETXDOMNOOFF_728x90,3845634,2688
2025-12-29,CTNDDYN-2299251-DCL_FY22_ENG_INSPIRECADOMNOOFF_160x600,3845623,1615
2025-12-29,CTNDDYN-2299251-DCL_FY22_ENG_INSPIRECADOMNOOFF_300x250,3845624,17551
2025-12-29,CTNDDYN-2299251-DCL_FY22_ENG_INSPIRECADOMNOOFF_300x600,3845625,1409
2025-12-29,CTNDDYN-2299251-DCL_FY22_ENG_INSPIRECADOMNOOFF_320x50,3835038,6111
2025-12-29,CTNDDYN-2299251-DCL_FY22_ENG_INSPIRECADOMNOOFF_728x90,3845626,5709
2025-12-29,CTP54DR-4312357-AUL_FY25_ENG_EvergreenQ2Activate_160x600,5057174,2594
2025-12-29,CTP54DR-4312357-AUL_FY25_ENG_EvergreenQ2Activate_300x250,5057175,73713
2025-12-29,CTP54DR-4312357-AUL_FY25_ENG_EvergreenQ2Activate_300x600,5057176,7574
2025-12-29,CTP54DR-4312357-AUL_FY25_ENG_EvergreenQ2Activate_320x50,5056451,36304
2025-12-29,CTP54DR-4312357-AUL_FY25_ENG_EvergreenQ2Activate_728x90,5057177,12463
2025-12-29,CUGW5CT-4903500-WDW_FY25_SPN_RoomOnlyTransactFLRESQ2ResortOffer_300x250,5695198,12
2025-12-29,CUGW5CT-4903500-WDW_FY25_SPN_RoomOnlyTransactFLRESQ2ResortOffer_300x600,5695199,1
2025-12-29,CUGW5CT-4903500-WDW_FY25_SPN_RoomOnlyTransactFLRESQ2ResortOffer_320x50,5630509,4
2025-12-29,CUGW5CT-4903500-WDW_FY25_SPN_RoomOnlyTransactFLRESQ2ResortOffer_728x90,5695200,5
2025-12-29,CUPRN87-4533893-AUL_FY24_ENG_EvergreenInspire_160x600,5242095,23
2025-12-29,CUPRN87-4533893-AUL_FY24_ENG_EvergreenInspire_300x250,5242096,90097
2025-12-29,CUPRN87-4533893-AUL_FY24_ENG_EvergreenInspire_300x600,5242097,12468
2025-12-29,CUPRN87-4533893-AUL_FY24_ENG_EvergreenInspire_320x50,5227981,1958
2025-12-29,CUPRN87-4533893-AUL_FY24_ENG_EvergreenInspire_728x90,5242098,572
2025-12-29,CV3OZET-4265800-DCL_FY25_SPN_ISLANDDESTINATIONSACTIVATELATAMNOOFF_160x600.zip,5375068,4
2025-12-29,CV3OZET-4265800-DCL_FY25_SPN_ISLANDDESTINATIONSACTIVATELATAMNOOFF_300x250.zip,5375069,62328
2025-12-29,CV3OZET-4265800-DCL_FY25_SPN_ISLANDDESTINATIONSACTIVATELATAMNOOFF_300x600.zip,5375070,8216
2025-12-29,CV3OZET-4265800-DCL_FY25_SPN_ISLANDDESTINATIONSACTIVATELATAMNOOFF_320x50.jpg,5363662,23901
2025-12-29,CV3OZET-4265800-DCL_FY25_SPN_ISLANDDESTINATIONSACTIVATELATAMNOOFF_728x90.zip,5375071,40148
2025-12-29,CV71G9Y-4711752-WDW_FY25_ENG_FoeVillainsCFTTSBFLRESHISPBLKNOOFF_160x600,5518419,0
2025-12-29,CVBZ8FQ-5078851-DLR_FY26_SPA_70thCelebrationPhase4ACTIVATE_160x600,5828711,79
2025-12-29,CVBZ8FQ-5078851-DLR_FY26_SPA_70thCelebrationPhase4ACTIVATE_300x250,5828712,2128
2025-12-29,CVBZ8FQ-5078851-DLR_FY26_SPA_70thCelebrationPhase4ACTIVATE_300x600,5828713,366
2025-12-29,CVBZ8FQ-5078851-DLR_FY26_SPA_70thCelebrationPhase4ACTIVATE_320x50,5825635,1889
2025-12-29,CVBZ8FQ-5078851-DLR_FY26_SPA_70thCelebrationPhase4ACTIVATE_728x90,5828714,314
2025-12-29,CVOCBBU-3198602-DCL_FY23_ENG_PDASDOMCANNOOFF_160x600,4342215,3298
2025-12-29,CVOCBBU-3198602-DCL_FY23_ENG_PDASDOMCANNOOFF_300x250,4342216,48656
2025-12-29,CVOCBBU-3198602-DCL_FY23_ENG_PDASDOMCANNOOFF_300x600,4342217,4730
2025-12-29,CVOCBBU-3198602-DCL_FY23_ENG_PDASDOMCANNOOFF_320x50,4331058,38782
2025-12-29,CVOCBBU-3198602-DCL_FY23_ENG_PDASDOMCANNOOFF_728x90,4342218,11848
2025-12-29,CVPOSPG-3838885-DLR_FY24_ENG_SCATransactEngager_160x600,4871684,3021
2025-12-29,CVPOSPG-3838885-DLR_FY24_ENG_SCATransactEngager_300x250,4871680,26573
2025-12-29,CVPOSPG-3838885-DLR_FY24_ENG_SCATransactEngager_300x600,4871681,3427
2025-12-29,CVPOSPG-3838885-DLR_FY24_ENG_SCATransactEngager_320x50,4829533,18670
2025-12-29,CVPOSPG-3838885-DLR_FY24_ENG_SCATransactEngager_728x90,4871682,11319
2025-12-29,CVSXDQO-4903500-WDW_FY25_ENG_RoomOnlyInspireFLRESQ2ResortOffer_160x600,5695184,4042
2025-12-29,CVSXDQO-4903500-WDW_FY25_ENG_RoomOnlyInspireFLRESQ2ResortOffer_300x250,5695185,11057
2025-12-29,CVSXDQO-4903500-WDW_FY25_ENG_RoomOnlyInspireFLRESQ2ResortOffer_300x600,5695186,14
2025-12-29,CVSXDQO-4903500-WDW_FY25_ENG_RoomOnlyInspireFLRESQ2ResortOffer_320x50,5630510,5011
2025-12-29,CVYNB74-4794751-DCL_FY25_ALASKA_ENG_ACTIVATEV1CANDOMNOOFF_160x600,5595880,1707
2025-12-29,CVYNB74-4794751-DCL_FY25_ALASKA_ENG_ACTIVATEV1CANDOMNOOFF_300x250,5595881,11446
2025-12-29,CVYNB74-4794751-DCL_FY25_ALASKA_ENG_ACTIVATEV1CANDOMNOOFF_300x600,5595882,1483
2025-12-29,CVYNB74-4794751-DCL_FY25_ALASKA_ENG_ACTIVATEV1CANDOMNOOFF_320x50,5557552,19578
2025-12-29,CVYNB74-4794751-DCL_FY25_ALASKA_ENG_ACTIVATEV1CANDOMNOOFF_728x90,5595883,4629
2025-12-29,CVZ3TTC-3842351-WDW_FY25_ENG_MerchandiseOwnYourMagicDisplayDOMNOOFF_160x600,4694125,3229
2025-12-29,CVZ3TTC-3842351-WDW_FY25_ENG_MerchandiseOwnYourMagicDisplayDOMNOOFF_300x250,4694126,25003
2025-12-29,CVZ3TTC-3842351-WDW_FY25_ENG_MerchandiseOwnYourMagicDisplayDOMNOOFF_300x600,4694127,965
2025-12-29,CVZ3TTC-3842351-WDW_FY25_ENG_MerchandiseOwnYourMagicDisplayDOMNOOFF_320x50,4674761,32529
2025-12-29,CVZ3TTC-3842351-WDW_FY25_ENG_MerchandiseOwnYourMagicDisplayDOMNOOFF_728x90,4694128,7311
2025-12-29,CVZ6ELD-5157450-DLR_FY26_SPA_TicketOfferGeneric_160x600,5812818,100
2025-12-29,CVZ6ELD-5157450-DLR_FY26_SPA_TicketOfferGeneric_300x250,5812820,2423
2025-12-29,CVZ6ELD-5157450-DLR_FY26_SPA_TicketOfferGeneric_300x600,5812821,280
2025-12-29,CVZ6ELD-5157450-DLR_FY26_SPA_TicketOfferGeneric_320x50,5794417,2346
2025-12-29,CVZ6ELD-5157450-DLR_FY26_SPA_TicketOfferGeneric_728x90,5812823,282
2025-12-29,CW8VZYM-4908701-DLR_FY26_ENG_Disneylandia_160x600,5838773,624
2025-12-29,CW8VZYM-4908701-DLR_FY26_ENG_Disneylandia_300x250,5838774,5399
2025-12-29,CW8VZYM-4908701-DLR_FY26_ENG_Disneylandia_300x600,5838775,185
2025-12-29,CW8VZYM-4908701-DLR_FY26_ENG_Disneylandia_320x50,5786580,5994
2025-12-29,CW8VZYM-4908701-DLR_FY26_ENG_Disneylandia_728x90,5838776,298
2025-12-29,CWFOK1T-4458302-NGE_FY25_ENG_Q3PrivateJetEliteTravelerv3_300x250,5329919,503
2025-12-29,CWFOK1T-4458302-NGE_FY25_ENG_Q3PrivateJetEliteTravelerv3_300x600,5329920,132
2025-12-29,CWFOK1T-4458302-NGE_FY25_ENG_Q3PrivateJetEliteTravelerv3_320x50,5329921,270
2025-12-29,CWFOK1T-4458302-NGE_FY25_ENG_Q3PrivateJetEliteTravelerv3_728x90,5329922,15
2025-12-29,CWFOK1T-4458302-NGE_FY25_ENG_Q3PrivateJetEliteTravelerv3_970x250,5329923,282
2025-12-29,CWL9U3K-5171350-DCL_FY25_ENG_ACTIVATEDCLGTY35_160x600,5660999,2704
2025-12-29,CWL9U3K-5171350-DCL_FY25_ENG_ACTIVATEDCLGTY35_300x250,5661000,26166
2025-12-29,CWL9U3K-5171350-DCL_FY25_ENG_ACTIVATEDCLGTY35_300x600,5661001,1858
2025-12-29,CWL9U3K-5171350-DCL_FY25_ENG_ACTIVATEDCLGTY35_320x50,5651411,22212
2025-12-29,CWL9U3K-5171350-DCL_FY25_ENG_ACTIVATEDCLGTY35_728x90,5661002,9151
2025-12-29,CXIUVR1-5182651-DVC_FY26_ENG_Q2TransactProximityDisplayBannersStayClosetotheMagicDOMNOOFF_160x600,5838395,1117
2025-12-29,CXIUVR1-5182651-DVC_FY26_ENG_Q2TransactProximityDisplayBannersStayClosetotheMagicDOMNOOFF_300x250,5838396,11452
2025-12-29,CXIUVR1-5182651-DVC_FY26_ENG_Q2TransactProximityDisplayBannersStayClosetotheMagicDOMNOOFF_300x600,5838397,1420
2025-12-29,CXIUVR1-5182651-DVC_FY26_ENG_Q2TransactProximityDisplayBannersStayClosetotheMagicDOMNOOFF_728x90,5838398,3126
2025-12-29,CXIUVR1-5182651-DVC_FY26_ENG_Q2TransactProximityStaticDisplayBannerStayClosetotheMagicDOMNOOFF_320x50,5836053,8726
2025-12-29,CY1YSSY-1698014-DVC_FY21_ENG_SMYAYINSPIRE_160x600,4475491,6548
2025-12-29,CY1YSSY-1698014-DVC_FY21_ENG_SMYAYINSPIRE_300x250,4475492,47848
2025-12-29,CY1YSSY-1698014-DVC_FY21_ENG_SMYAYINSPIRE_300x600,4475493,7134
2025-12-29,CY1YSSY-1698014-DVC_FY21_ENG_SMYAYINSPIRE_320x50,4475490,49161
2025-12-29,CY1YSSY-1698014-DVC_FY21_ENG_SMYAYINSPIRE_728x90,4475494,13140
2025-12-29,CY2VK78-4648800-DCL_FY25_ENG_CALIFORNIAACTIVATEDOMCANNOOFF_160x600,5596350,1146
2025-12-29,CY2VK78-4648800-DCL_FY25_ENG_CALIFORNIAACTIVATEDOMCANNOOFF_300x250,5596351,13626
2025-12-29,CY2VK78-4648800-DCL_FY25_ENG_CALIFORNIAACTIVATEDOMCANNOOFF_300x600,5596352,609
2025-12-29,CY2VK78-4648800-DCL_FY25_ENG_CALIFORNIAACTIVATEDOMCANNOOFF_320x50,5576868,6349
2025-12-29,CY2VK78-4648800-DCL_FY25_ENG_CALIFORNIAACTIVATEDOMCANNOOFF_728x90,5596353,5408
2025-12-29,CYEDIXW-5089800-FY26_WDW_ENG_FLResidentAPTRANSACT_160x600,5682844,12111
2025-12-29,CYEDIXW-5089800-FY26_WDW_ENG_FLResidentAPTRANSACT_300x250,5682845,77885
2025-12-29,CYEDIXW-5089800-FY26_WDW_ENG_FLResidentAPTRANSACT_300x600,5682846,8397
2025-12-29,CYEDIXW-5089800-FY26_WDW_ENG_FLResidentAPTRANSACT_320x50,5684338,31933
2025-12-29,CYEDIXW-5089800-FY26_WDW_ENG_FLResidentAPTRANSACT_728x90,5684336,19487
2025-12-29,CYGZA6K-4182600-WDW_FY25_ENG_FOHActivateAnimatedCFTNOOFF_160x600,5035049,10085
2025-12-29,CYGZA6K-4182600-WDW_FY25_ENG_FOHActivateAnimatedCFTNOOFF_300x250,5035050,116200
2025-12-29,CYGZA6K-4182600-WDW_FY25_ENG_FOHActivateAnimatedCFTNOOFF_300x600,5035051,13202
2025-12-29,CYGZA6K-4182600-WDW_FY25_ENG_FOHActivateAnimatedCFTNOOFF_728x90,5035052,28090
2025-12-29,CYGZA6K-4182600-WDW_FY25_ENG_FOHActivateStaticCFTNOOFF_320x50,4946404,97875
2025-12-29,CYJ9YJ0-4658400-DCL_FY25_ENG_MarvelDSMDASQ4DisplayCANDOMNOOFF_160x600,5401469,3972
2025-12-29,CYJ9YJ0-4658400-DCL_FY25_ENG_MarvelDSMDASQ4DisplayCANDOMNOOFF_300x250,5401470,56894
2025-12-29,CYJ9YJ0-4658400-DCL_FY25_ENG_MarvelDSMDASQ4DisplayCANDOMNOOFF_300x600,5401471,5511
2025-12-29,CYJ9YJ0-4658400-DCL_FY25_ENG_MarvelDSMDASQ4DisplayCANDOMNOOFF_320x50,5382753,44248
2025-12-29,CYJ9YJ0-4658400-DCL_FY25_ENG_MarvelDSMDASQ4DisplayCANDOMNOOFF_728x90,5401472,15560
2025-12-29,CYJHYEL-4834301-DCL_FY25_ENG_TRANSACTDOMNOOFF_160x600,5596580,2781
2025-12-29,CYJHYEL-4834301-DCL_FY25_ENG_TRANSACTDOMNOOFF_300x250,5596581,13807
2025-12-29,CYJHYEL-4834301-DCL_FY25_ENG_TRANSACTDOMNOOFF_300x600,5596582,2008
2025-12-29,CYJHYEL-4834301-DCL_FY25_ENG_TRANSACTDOMNOOFF_320x50,5499256,6806
2025-12-29,CYJHYEL-4834301-DCL_FY25_ENG_TRANSACTDOMNOOFF_728x90,5596583,4550
2025-12-29,CYLRISH-4881000-WDW_FY26_FRC_ClickCANFREStaticCANNOOFF_160x600,5723540,7205
2025-12-29,CYLRISH-4881000-WDW_FY26_FRC_ClickCANFREStaticCANNOOFF_300x250,5723541,32971
2025-12-29,CYLRISH-4881000-WDW_FY26_FRC_ClickCANFREStaticCANNOOFF_300x600,5723542,5020
2025-12-29,CYLRISH-4881000-WDW_FY26_FRC_ClickCANFREStaticCANNOOFF_320x50,5646545,27979
2025-12-29,CYLRISH-4881000-WDW_FY26_FRC_ClickCANFREStaticCANNOOFF_728x90,5723543,14582
2025-12-29,CYO3L9Q-5171350-DCL_FY25_ENG_DCLGTY35_160x600,5661008,2679
2025-12-29,CYO3L9Q-5171350-DCL_FY25_ENG_DCLGTY35_300x250,5661009,14721
2025-12-29,CYO3L9Q-5171350-DCL_FY25_ENG_DCLGTY35_300x600,5661010,2520
2025-12-29,CYO3L9Q-5171350-DCL_FY25_ENG_DCLGTY35_320x50,5651082,6907
2025-12-29,CYO3L9Q-5171350-DCL_FY25_ENG_DCLGTY35_728x90,5661011,5125
2025-12-29,CZ6H63J-2299251-DCL_FY22_ENG_INSPIREDOMCANNOOFF_160x600,3845597,5421
2025-12-29,CZ6H63J-2299251-DCL_FY22_ENG_INSPIREDOMCANNOOFF_300x250,3845598,57707
2025-12-29,CZ6H63J-2299251-DCL_FY22_ENG_INSPIREDOMCANNOOFF_300x600,3845599,5021
2025-12-29,CZ6H63J-2299251-DCL_FY22_ENG_INSPIREDOMCANNOOFF_320x50,3831111,50008
2025-12-29,CZ6H63J-2299251-DCL_FY22_ENG_INSPIREDOMCANNOOFF_728x90,3845600,16556
2025-12-29,CZ7DN74-4157563-WDW_FY25_ENG_InfiniteMagicbroadDOMNOOFF_160x600,5057187,12450
2025-12-29,CZ7DN74-4157563-WDW_FY25_ENG_InfiniteMagicbroadDOMNOOFF_300x250,5057188,309987
2025-12-29,CZ7DN74-4157563-WDW_FY25_ENG_InfiniteMagicbroadDOMNOOFF_300x600,5057189,39618
2025-12-29,CZ7DN74-4157563-WDW_FY25_ENG_InfiniteMagicbroadDOMNOOFF_320x50,5034278,164041
2025-12-29,CZ7DN74-4157563-WDW_FY25_ENG_InfiniteMagicbroadDOMNOOFF_728x90,5057190,52659
2025-12-29,CZ8F3C9-3332255-DCL_FY23_ENG_INSPIREDOMNOOFF_160x600,4425895,21257
2025-12-29,CZ8F3C9-3332255-DCL_FY23_ENG_INSPIREDOMNOOFF_300x250,4425896,261570
2025-12-29,CZ8F3C9-3332255-DCL_FY23_ENG_INSPIREDOMNOOFF_300x600,4425897,19956
2025-12-29,CZ8F3C9-3332255-DCL_FY23_ENG_INSPIREDOMNOOFF_320x50,4416733,188959
2025-12-29,CZ8F3C9-3332255-DCL_FY23_ENG_INSPIREDOMNOOFF_728x90,4425898,81699
2025-12-29,CZBB123-4265800-DCL_FY25_PGE_ISLANDDESTINATIONSACTIVATELATAMNOOFF_300x250.zip,5375059,82420
2025-12-29,CZBB123-4265800-DCL_FY25_PGE_ISLANDDESTINATIONSACTIVATELATAMNOOFF_300x600.zip,5375060,6358
2025-12-29,CZBB123-4265800-DCL_FY25_PGE_ISLANDDESTINATIONSACTIVATELATAMNOOFF_320x50.jpg,5353791,7253
2025-12-29,CZBB123-4265800-DCL_FY25_PGE_ISLANDDESTINATIONSACTIVATELATAMNOOFF_728x90.zip,5375062,16870
2025-12-29,CZTGRYE-5157450-DLR_FY26_ENG_TicketOfferCalRes_160x600,5813223,1416
2025-12-29,CZTGRYE-5157450-DLR_FY26_ENG_TicketOfferCalRes_300x250,5813225,10640
2025-12-29,CZTGRYE-5157450-DLR_FY26_ENG_TicketOfferCalRes_300x600,5813226,817
2025-12-29,CZTGRYE-5157450-DLR_FY26_ENG_TicketOfferCalRes_320x50,5794418,7828
2025-12-29,CZTGRYE-5157450-DLR_FY26_ENG_TicketOfferCalRes_728x90,5813228,5059
